type,username,tag_count,timestamp
comment,jzkr,1,2026-08-25 19:27:50
comment,naddaamalia_,1,2026-08-25 21:44:12
comment,carla_srn07,1,2026-08-25 17:25:30
comment,shanna.cards,1,2026-08-25 17:43:33
comment,cacarlito_prv,1,2026-08-25 17:26:07
comment,sarahsartjourney_,2,2026-08-25 12:53:39
comment,craftygirly2025,1,2026-08-25 13:26:51
comment,vero_disco,1,2026-08-26 19:55:42
comment,cperron66,7,2026-08-27 14:54:03
comment,zuzubeanart,6,2026-08-26 00:21:54
comment,avan__tester,1,2026-08-26 10:47:07
comment,nesi_lec,2,2026-08-30 13:32:31
comment,oleksandra_petrenko_1313,1,2026-08-26 06:17:36
comment,postingwithtammy,1,2026-08-25 22:01:29
comment,agueroluli,1,2026-08-26 10:49:32
comment,postingwithtammy,1,2026-08-25 22:01:43
comment,pawtternprints,1,2026-08-25 12:56:28
comment,janprudden,1,2026-08-25 13:53:36
comment,avan__tester,1,2026-08-26 10:48:00
comment,m1ffyluv3rr,1,2026-08-26 21:43:50
comment,veronipie_,1,2026-08-25 16:17:52
comment,everyartstudio,1,2026-08-29 16:12:26
comment,kindacutemailclub,1,2026-08-25 17:34:06
comment,luacreates,1,2026-08-25 14:26:56
comment,maddy.stationery,1,2026-08-25 13:44:32
comment,___.dikshitha.___,1,2026-08-26 00:14:34
comment,___.dikshitha.___,1,2026-08-26 00:14:29
comment,___.dikshitha.___,1,2026-08-26 00:14:42
comment,yenne.studios,1,2026-08-26 20:31:54
comment,luacreates,1,2026-08-25 14:26:22
comment,the.dapper.duo,1,2026-08-25 19:06:56
comment,the.dapper.duo,1,2026-08-25 19:06:49
comment,inmyscrappyplace,1,2026-08-25 18:50:39
comment,inmyscrappyplace,1,2026-08-25 18:50:43
comment,inmyscrappyplace,1,2026-08-25 18:51:08
comment,inmyscrappyplace,1,2026-08-25 18:50:48
comment,sojourn.al.junkrat,1,2026-08-26 06:56:06
comment,the.dapper.duo,1,2026-08-25 19:04:49
comment,postingwithtammy,1,2026-08-25 22:01:06
comment,inmyscrappyplace,1,2026-08-25 18:50:35
comment,inmyscrappyplace,1,2026-08-25 18:50:37
comment,inmyscrappyplace,1,2026-08-25 18:51:29
comment,inmyscrappyplace,1,2026-08-25 18:51:05
comment,inmyscrappyplace,1,2026-08-25 18:51:20
comment,inmyscrappyplace,1,2026-08-25 18:51:12
comment,inmyscrappyplace,1,2026-08-25 18:51:17
comment,smashmelia,1,2026-08-26 00:12:43
comment,ness_who_,1,2026-08-26 00:49:13
comment,smashmelia,1,2026-08-26 00:12:29
comment,little.zerox,1,2026-08-25 22:53:05
comment,the.dapper.duo,1,2026-08-25 19:06:54
comment,the.dapper.duo,1,2026-08-25 19:06:59
comment,the.dapper.duo,1,2026-08-25 19:07:12
comment,the.dapper.duo,1,2026-08-25 19:07:07
comment,the.dapper.duo,1,2026-08-25 19:07:22
comment,the.dapper.duo,1,2026-08-25 19:07:16
comment,the.dapper.duo,1,2026-08-25 19:07:24
comment,the.dapper.duo,1,2026-08-25 19:07:26
comment,the.dapper.duo,1,2026-08-25 19:07:29
comment,the.dapper.duo,1,2026-08-25 19:07:31
comment,the.dapper.duo,1,2026-08-25 19:07:34
comment,the.dapper.duo,1,2026-08-25 19:07:39
comment,the.dapper.duo,1,2026-08-25 19:07:44
comment,the.dapper.duo,1,2026-08-25 19:07:51
comment,the.dapper.duo,1,2026-08-25 19:07:48
comment,the.dapper.duo,1,2026-08-25 19:07:56
comment,ms_skuld,1,2026-08-25 19:26:24
comment,mel_indaaa,1,2026-08-25 20:57:53
comment,mel_indaaa,1,2026-08-25 20:57:50
comment,mel_indaaa,1,2026-08-25 20:57:57
comment,mel_indaaa,1,2026-08-25 20:58:08
comment,asiancara,1,2026-08-25 15:59:13
comment,jesscrafting,1,2026-08-25 15:59:28
comment,veronipie_,1,2026-08-25 16:16:40
comment,veronipie_,1,2026-08-25 16:16:43
comment,veronipie_,1,2026-08-25 16:16:49
comment,veronipie_,1,2026-08-25 16:16:54
comment,veronipie_,1,2026-08-25 16:17:17
comment,veronipie_,1,2026-08-25 16:16:58
comment,veronipie_,1,2026-08-25 16:17:23
comment,veronipie_,1,2026-08-25 16:17:38
comment,veronipie_,1,2026-08-25 16:17:56
comment,veronipie_,1,2026-08-25 16:18:00
comment,veronipie_,1,2026-08-25 16:19:15
comment,veronipie_,1,2026-08-25 16:19:18
comment,veronipie_,1,2026-08-25 16:19:26
comment,annahd_,1,2026-08-25 16:23:17
comment,annahd_,1,2026-08-25 16:23:14
comment,annahd_,1,2026-08-25 16:23:26
comment,annahd_,1,2026-08-25 16:23:20
comment,annahd_,1,2026-08-25 16:23:23
comment,annahd_,1,2026-08-25 16:23:39
comment,tokkidum,1,2026-08-25 16:42:36
comment,jessicabttran,1,2026-08-25 17:03:45
comment,jessicabttran,1,2026-08-25 17:04:01
comment,maika.artte,1,2026-08-31 08:37:36
comment,nesi_lec,1,2026-08-30 13:56:05
comment,nesi_lec,1,2026-08-30 13:55:58
comment,nesi_lec,1,2026-08-30 13:55:42
comment,fandisha,1,2026-08-30 02:32:19
comment,fandisha,1,2026-08-30 02:32:08
comment,uniquinn_alleyne,1,2026-08-28 13:02:36
comment,penpal_ligaya,1,2026-08-28 07:57:06
comment,jasminpetri38,1,2026-08-28 03:31:39
comment,jasminpetri38,1,2026-08-28 03:31:30
comment,ahintofglo,1,2026-08-27 23:49:25
comment,cozified.life,1,2026-08-27 17:32:55
comment,cozified.life,1,2026-08-27 17:32:51
comment,cozified.life,1,2026-08-27 17:32:49
comment,cozified.life,1,2026-08-27 17:32:47
comment,cozified.life,1,2026-08-27 17:32:44
comment,cozified.life,1,2026-08-27 17:32:38
comment,cozified.life,1,2026-08-27 17:32:35
comment,cozified.life,1,2026-08-27 17:32:33
comment,cozified.life,1,2026-08-27 17:32:31
comment,cozified.life,1,2026-08-27 17:32:30
comment,forsomeone.somew,1,2026-08-27 07:11:06
comment,_eriii._.10_,1,2026-08-27 03:49:13
comment,_eriii._.10_,1,2026-08-27 03:49:08
comment,_eriii._.10_,1,2026-08-27 03:49:02
comment,robynsomerville,1,2026-08-26 22:15:27
comment,robynsomerville,1,2026-08-26 22:15:24
comment,robynsomerville,1,2026-08-26 22:15:20
comment,robynsomerville,1,2026-08-26 22:15:16
comment,robynsomerville,1,2026-08-26 22:15:12
comment,m1ffyluv3rr,1,2026-08-26 21:43:58
comment,m1ffyluv3rr,1,2026-08-26 21:43:54
comment,phinayi,1,2026-08-26 20:31:00
comment,psychxdeliclove,1,2026-08-26 11:55:20
comment,psychxdeliclove,1,2026-08-26 11:55:16
comment,psychxdeliclove,1,2026-08-26 11:55:15
comment,psychxdeliclove,1,2026-08-26 11:55:13
comment,psychxdeliclove,1,2026-08-26 11:55:09
comment,psychxdeliclove,1,2026-08-26 11:55:07
comment,psychxdeliclove,1,2026-08-26 11:55:05
comment,psychxdeliclove,1,2026-08-26 11:55:03
comment,psychxdeliclove,1,2026-08-26 11:55:01
comment,psychxdeliclove,1,2026-08-26 11:54:59
comment,psychxdeliclove,1,2026-08-26 11:54:58
comment,psychxdeliclove,1,2026-08-26 11:54:56
comment,psychxdeliclove,1,2026-08-26 11:54:54
comment,psychxdeliclove,1,2026-08-26 11:54:53
comment,psychxdeliclove,1,2026-08-26 11:54:51
comment,psychxdeliclove,1,2026-08-26 11:54:45
comment,ivyilyll,1,2026-08-26 11:54:27
comment,postcrossing_from_russia,1,2026-08-26 11:39:16
comment,postcrossing_from_russia,1,2026-08-26 11:38:37
comment,888aww,1,2026-08-26 11:17:37
comment,888aww,1,2026-08-26 11:17:31
comment,888aww,1,2026-08-26 11:17:24
comment,888aww,1,2026-08-26 11:17:12
comment,888aww,1,2026-08-26 11:17:08
comment,agueroluli,1,2026-08-26 10:50:32
comment,agueroluli,1,2026-08-26 10:49:38
comment,agueroluli,1,2026-08-26 10:49:26
comment,agueroluli,1,2026-08-26 10:49:19
comment,avan__tester,1,2026-08-26 10:40:01
comment,billwink39,1,2026-08-26 09:00:01
comment,billwink39,1,2026-08-26 08:59:52
comment,billwink39,1,2026-08-26 08:59:45
comment,billwink39,1,2026-08-26 08:59:40
comment,storm.wolf.journals,1,2026-08-26 08:30:16
comment,lexi._reads,1,2026-08-26 08:16:24
comment,lexi._reads,1,2026-08-26 08:16:15
comment,lexi._reads,1,2026-08-26 08:16:09
comment,racheldesiree,1,2026-08-26 08:09:05
comment,cwzso,1,2026-08-26 07:57:30
comment,cwzso,1,2026-08-26 07:57:25
comment,nanuschka.mb,1,2026-08-26 07:29:39
comment,nanuschka.mb,1,2026-08-26 07:29:30
comment,nanuschka.mb,1,2026-08-26 07:29:12
comment,fidgetislandco,1,2026-08-26 07:22:51
comment,albino_trex,1,2026-08-26 07:07:07
comment,sojourn.al.junkrat,1,2026-08-26 06:56:41
comment,sojourn.al.junkrat,1,2026-08-26 06:56:27
comment,sojourn.al.junkrat,1,2026-08-26 06:56:18
comment,heidijones.526,1,2026-08-26 06:55:14
comment,oleksandra_petrenko_1313,1,2026-08-26 06:18:44
comment,oleksandra_petrenko_1313,1,2026-08-26 06:18:03
comment,oleksandra_petrenko_1313,1,2026-08-26 06:16:25
comment,ara_al3xis,1,2026-08-26 05:35:57
comment,ara_al3xis,1,2026-08-26 05:35:54
comment,ara_al3xis,1,2026-08-26 05:35:51
comment,ara_al3xis,1,2026-08-26 05:35:49
comment,ara_al3xis,1,2026-08-26 05:35:46
comment,izzy.bakes.adl,1,2026-08-26 05:29:42
comment,myremedystudio,1,2026-08-26 05:06:04
comment,itsnotjustbookyoufool,1,2026-08-26 04:48:02
comment,taileyh,1,2026-08-26 03:12:30
comment,soapmachi,1,2026-08-26 03:01:53
comment,chobikenobi,1,2026-08-26 02:52:36
comment,tulip.chain,1,2026-08-26 01:01:01
comment,tulip.chain,1,2026-08-26 01:00:52
comment,rhmanton94,1,2026-08-26 00:36:50
comment,justafoodlover_v,1,2026-08-26 00:11:12
comment,justafoodlover_v,1,2026-08-26 00:11:08
comment,justafoodlover_v,1,2026-08-26 00:11:03
comment,justafoodlover_v,1,2026-08-26 00:11:02
comment,justafoodlover_v,1,2026-08-26 00:11:01
comment,justafoodlover_v,1,2026-08-26 00:10:59
comment,justafoodlover_v,1,2026-08-26 00:10:58
comment,justafoodlover_v,1,2026-08-26 00:10:57
comment,justafoodlover_v,1,2026-08-26 00:10:56
comment,parchment.problems,1,2026-08-26 00:09:08
comment,parchment.problems,1,2026-08-26 00:09:05
comment,parchment.problems,1,2026-08-26 00:08:35
comment,parchment.problems,1,2026-08-26 00:08:30
comment,parchment.problems,1,2026-08-26 00:08:23
comment,parchment.problems,1,2026-08-26 00:08:20
comment,parchment.problems,1,2026-08-26 00:08:14
comment,parchment.problems,1,2026-08-26 00:08:11
comment,parchment.problems,1,2026-08-26 00:08:08
comment,__tales_i_tell__,1,2026-08-26 00:08:05
comment,__tales_i_tell__,1,2026-08-26 00:07:54
comment,__tales_i_tell__,1,2026-08-26 00:07:47
comment,__tales_i_tell__,1,2026-08-26 00:07:44
comment,__tales_i_tell__,1,2026-08-26 00:07:41
comment,__tales_i_tell__,1,2026-08-26 00:07:39
comment,lemonadecat01,1,2026-08-25 22:58:50
comment,little.zerox,1,2026-08-25 22:53:12
comment,little.zerox,1,2026-08-25 22:53:08
comment,little.zerox,1,2026-08-25 22:52:58
comment,little.zerox,1,2026-08-25 22:52:54
comment,chrono11,1,2026-08-25 22:08:17
comment,chrono11,1,2026-08-25 22:08:14
comment,chrono11,1,2026-08-25 22:08:10
comment,postingwithtammy,1,2026-08-25 22:02:30
comment,postingwithtammy,1,2026-08-25 22:02:09
comment,postingwithtammy,1,2026-08-25 22:01:11
comment,kindacutemailclub,1,2026-08-25 17:33:54
comment,jessicabttran,1,2026-08-25 17:04:05
comment,jessicabttran,1,2026-08-25 17:03:55
comment,jeaneeart,1,2026-08-25 15:24:56
comment,giraffe.88210871,1,2026-08-25 15:23:31
comment,nakadilat,1,2026-08-25 14:31:46
comment,nakadilat,1,2026-08-25 14:31:31
comment,luacreates,1,2026-08-25 14:26:47
comment,luacreates,1,2026-08-25 14:26:39
comment,luacreates,1,2026-08-25 14:26:26
comment,luacreates,1,2026-08-25 14:26:07
comment,luacreates,1,2026-08-25 14:25:59
comment,luacreates,1,2026-08-25 14:25:53
comment,luacreates,1,2026-08-25 14:25:45
comment,luacreates,1,2026-08-25 14:25:29
comment,luacreates,1,2026-08-25 14:25:11
comment,janprudden,1,2026-08-25 13:54:28
comment,janprudden,1,2026-08-25 13:53:54
comment,janprudden,1,2026-08-25 13:53:42
comment,janprudden,1,2026-08-25 13:53:32
comment,janprudden,1,2026-08-25 13:53:28
comment,janprudden,1,2026-08-25 13:53:15
comment,maddy.stationery,1,2026-08-25 13:44:34
comment,penpals.rus,1,2026-08-25 13:14:36
comment,penpals.rus,1,2026-08-25 13:14:32
comment,emilyksprague,1,2026-08-25 13:13:43
comment,mommyruru,1,2026-08-25 13:04:26
comment,mommyruru,1,2026-08-25 13:03:41
comment,mommyruru,1,2026-08-25 13:03:34
comment,kerenzabennett,1,2026-08-25 13:03:32
comment,mommyruru,1,2026-08-25 13:03:26
comment,mommyruru,1,2026-08-25 13:03:24
comment,mommyruru,1,2026-08-25 13:03:21
comment,mommyruru,1,2026-08-25 13:03:17
comment,pawtternprints,1,2026-08-25 12:57:26
comment,pawtternprints,1,2026-08-25 12:55:30
comment,pawtternprints,1,2026-08-25 12:55:18
comment,pawtternprints,1,2026-08-25 12:55:10
